ありえない	neg
いたずら	adj-na
おしゃべり	adj-na
お仕置き	suru
お代わり	suru
お気に召す	v5
お目にかかる	v5
お眼鏡にかなう	v5
お茶	suru
お見舞い	suru
お願い	suru
かなわない	neg
この上ない	neg
これしかない	neg
しかない	neg
したいようにする	suru
じっとしていられない	neg
ぞっとしない	neg
どうしようもない	neg
どうにかする	suru
ないがしろ	adj-na
なくてはならない	neg
ひと段落	suru
よそ見	suru
バカ	adj-na
ヘタレ	adj-na
ホント	adj-na
一つになる	v5
一刻の猶予もない	neg
一定	suru
一座	suru
一振り	suru
一目ぼれ	suru
一致	suru
一言	suru
一身に浴びる	v1
上書き	suru
上達	suru
下を向く	v5
下見	suru
不幸	adj-na
不明	adj-na
不満	adj-na
不足	suru
世話	suru
世話になる	v5
世間知らず	adj-na
中断	suru
中止	suru
丸く収まる	v5
丸投げ	suru
主導	suru
主張	suru
乾杯	suru
了解	suru
予定	suru
予感	suru
予測	suru
予算	suru
予約	suru
二乗	suru
二度寝	suru
交差	suru
交換	suru
交流	suru
交渉	suru
人選	suru
仕事	suru
仕方ない	neg
仕返し	suru
代理	suru
代表	suru
仲がよい	adj-ix
仲よくなる	v5
仲直り	suru
仲良し	suru
仲違い	suru
休息	suru
休憩	suru
会話	suru
会議	suru
伝言	suru
位置	suru
低下	suru
住居	suru
体を張る	v5
体操	suru
余命宣告	suru
作成	suru
作業	suru
使役	suru
使用	suru
供給	suru
依存	suru
依頼	suru
侮辱	suru
侵入	suru
侵害	suru
保存	suru
保証	suru
保護	suru
信仰	suru
信号	suru
信用	suru
信頼	suru
修復	suru
修正	suru
修理	suru
修行	suru
借りを作る	v5
借金	suru
停止	suru
停電	suru
偽装	suru
優位	adj-na
優先	suru
優勝	suru
優勢	adj-na
充満	suru
先回り	suru
先延ばし	suru
光が見える	v1
克服	suru
免許	suru
入場	suru
入学	suru
入手	suru
入部	suru
入院	suru
全う	adj-na
全力疾走	suru
全滅	suru
八つ当たり	suru
公表	suru
公言	suru
共有	suru
兼ね合い	suru
再会	suru
再始動	suru
再現	suru
冒険	suru
処分	suru
処理	suru
出入り	suru
出席	suru
出張	suru
出現	suru
出発	suru
分担	suru
分断	suru
分析	suru
分裂	suru
分解	suru
分譲	suru
分身	suru
分離	suru
分類	suru
初見	suru
判別	suru
判断	suru
判明	suru
利用	suru
利益	suru
到着	suru
制作	suru
制御	suru
制限	suru
刺激	suru
前を向く	v5
前後	suru
前進	suru
剣を説く	v5
剪定	suru
割に合う	v5
割譲	suru
力になる	v5
力を借りる	v1
力を尽くす	v5
力不足	adj-na
加減	suru
加筆	suru
加護	suru
加速	suru
努力	suru
勉強	suru
動きが割れる	v1
動作	suru
勘弁	suru
勘違い	suru
勝ち逃げ	suru
勝利	suru
勝負	suru
募集	suru
勢ぞろい	suru
包帯	suru
化粧	suru
区別	suru
卒業	suru
協力	suru
協定	suru
占拠	suru
危惧	suru
危険な目に遭う	v5
却下	suru
原因	suru
参加	suru
反対	suru
反応	suru
反抗	suru
反撃	suru
反発	suru
反省	suru
収穫	suru
取り引き	suru
受け売り	suru
受付	suru
受験	suru
叙勲	suru
口づけ	suru
口にする	suru
口にできない	neg
口伝	suru
口外	suru
口封じ	suru
口約束	suru
口論	suru
口車に乗る	v5
召喚	suru
台なし	adj-na
合同	suru
合図	suru
合宿	suru
合格	suru
合流	suru
合計	suru
同席	suru
同情	suru
同意	suru
同盟	suru
同行	suru
名誉	adj-na
否定	suru
吸収	suru
告げ口	suru
周回	suru
味方	suru
呼び出し	suru
呼吸	suru
命に代える	v1
命に別状はない	neg
命を取る	v5
命を拾う	v5
命を預ける	v1
命乞い	suru
命令	suru
命知らず	adj-na
唯一無二	adj-na
商売	suru
商談	suru
問答	suru
啖呵を切る	v5
喉がかれる	v1
喧嘩	suru
営業	suru
嗜好	suru
噂	suru
回復	suru
回答	suru
回転	suru
回避	suru
固定	suru
執務	suru
執着	suru
堪能	suru
報告	suru
報復	suru
報知	suru
増大	suru
声をかける	v1
変化	suru
変態	suru
変更	suru
変身	suru
外出	suru
夜更かし	suru
大慌て	adj-na
大泣き	suru
大目に見る	v1
大騒ぎ	suru
失恋	suru
失敗	suru
失望	suru
失礼	suru
失踪	suru
奇襲	suru
奇遇	adj-na
契約	suru
奔走	suru
奪還	suru
奮戦	suru
奮発	suru
好きにする	suru
妄想	suru
始末	suru
婚約	suru
媒介	suru
嫉妬	suru
嫌でしかたない	neg
嫌悪	suru
存命	suru
存在	suru
孤独	adj-na
学習	suru
安く見る	v1
安全	adj-na
安定	suru
安心	suru
安静	adj-na
完了	suru
完勝	suru
完成	suru
実体化	suru
実在	suru
実感	suru
実感に欠ける	v1
実現	suru
実行	suru
実験	suru
宣伝	suru
宣戦布告	suru
容赦	suru
密集	suru
審判	suru
寵愛	suru
対処	suru
対峙	suru
対立	suru
対話	suru
封印	suru
専念	suru
将来	suru
尊敬	suru
尊重	suru
小腹がすく	v5
就職	suru
尻尾をつかむ	v5
尻尾を振る	v5
居候	suru
居眠り	suru
展開	suru
峠を越える	v1
崩壊	suru
工事	suru
工夫	suru
左右	suru
差別	suru
布石	suru
希望	suru
帰宅	suru
帽子	suru
干渉	suru
平伏	suru
平均	suru
幸運	adj-na
幻惑	suru
幻想	suru
幻滅	suru
廃部	suru
延長	suru
建設	suru
弁明	suru
引きが強い	adj-i
引退	suru
強化	suru
強要	suru
当てが外れる	v1
影響	suru
役に立つ	v5
往復	suru
往来	suru
征伐	suru
待機	suru
後悔	suru
御無沙汰	suru
復元	suru
復活	suru
復讐	suru
徴収	suru
徹夜	suru
徹底	suru
心待ち	suru
心機一転	suru
心残り	adj-na
心遣い	suru
心配	suru
必然	adj-na
応対	suru
応援	suru
応用	suru
忠告	suru
念頭に入れる	v1
思い入れ	suru
怠慢	adj-na
怪我	suru
恐怖	suru
恐縮	suru
恥知らず	adj-na
恩に着る	v1
恩を返す	v5
恩知らず	adj-na
恩返し	suru
息がある	v5
悠久	adj-na
悦に浸る	v5
悪だくみ	suru
想像	suru
想定	suru
意味	suru
意気をくむ	v5
意見	suru
意識	suru
愛想を尽かす	v5
感動	suru
感心	suru
感激	suru
感覚	suru
感謝	suru
態勢を立て直す	v5
憎悪	suru
憑依	suru
憤怒	suru
成功	suru
成就	suru
成立	suru
成長	suru
我慢	suru
戦争	suru
所在	suru
所属	suru
手のひらの上で踊る	v5
手を伸ばす	v5
手を借りる	v1
手を抜く	v5
手を貸す	v5
手を離す	v5
手入れ	suru
手分け	suru
手加減	suru
手助け	suru
手術	suru
打ち合わせ	suru
打開	suru
承知	suru
承認	suru
把握	suru
投票	suru
投降	suru
抵抗	suru
担当	suru
拉致監禁	suru
拍手	suru
拒否	suru
拒絶	suru
拘束	suru
招待	suru
拝借	suru
拝見	suru
拡大	suru
指名	suru
指図	suru
指定	suru
指導	suru
指揮権	suru
指示	suru
挑戦	suru
挑発	suru
挨拶	suru
挽回	suru
捏造	suru
捜索	suru
掃除	suru
授業	suru
排除	suru
採寸	suru
接続	suru
接触	suru
接近	suru
推挙	suru
推測	suru
推薦	suru
措置	suru
提出	suru
提案	suru
提示	suru
握手	suru
援護	suru
損	suru
撃破	suru
撃退	suru
撤退	suru
撮影	suru
撲殺	suru
撲滅	suru
操作	suru
支度	suru
支持	suru
支援	suru
支配	suru
改善	suru
改造	suru
攻撃	suru
攻略	suru
放っておく	v5
放出	suru
放棄	suru
放置	suru
放送	suru
故障	suru
救助	suru
教授	suru
教育	suru
散歩	suru
散開	suru
数で押す	v5
整備	suru
整理	suru
敵対	suru
料理	suru
断言	suru
施設	suru
旅行	suru
昼寝	suru
時間を稼ぐ	v5
普通	adj-na
暗示	suru
暗躍	suru
暴走	suru
暴食	suru
更新	suru
最優先	suru
有限	adj-na
期待	suru
未然に防ぐ	v5
本当	adj-na
枯渇	suru
根回し	suru
根負け	suru
案内	suru
検査	suru
検討	suru
極小	adj-na
楽になる	v5
構成	suru
構築	suru
横恋慕	suru
機能	suru
欠かせない	neg
欠席	suru
欠損	suru
欺瞞	suru
歓迎	suru
正座	suru
正当化	suru
正気を疑う	v5
正解	suru
歯が立たない	neg
死に至る	v5
死亡	suru
殲滅	suru
比較	suru
気がかり	adj-na
気が回る	v5
気にする	suru
気に入る	v5
気を失う	v5
気を遣う	v5
気絶	suru
永久	adj-na
永遠	adj-na
氾濫	suru
汚染	suru
決別	suru
決定	suru
決心	suru
決意	suru
決戦	suru
決断	suru
決着	suru
決闘	suru
油断	suru
治療	suru
治癒	suru
泥だらけ	adj-na
泥を塗る	v5
泥棒	suru
注意	suru
注文	suru
注目	suru
洗濯	suru
洗練	suru
洗脳	suru
活動	suru
活性化	suru
活躍	suru
浄化	suru
浪費	suru
浮気	suru
消えてなくなる	v5
消化	suru
消失	suru
消滅	suru
消耗	suru
消費	suru
涙を流す	v5
深呼吸	suru
混乱	suru
混血	suru
清掃	suru
減少	suru
満喫	suru
満足	suru
満載	suru
準備	suru
準備運動	suru
滞在	suru
演出	suru
演奏	suru
演技	suru
演説	suru
火傷	suru
無意識	adj-na
無礼極まりない	neg
無視	suru
無限	adj-na
無駄死に	suru
爆発	suru
片をつける	v1
物おじしない	neg
特別扱い	suru
特化	suru
特定	suru
特訓	suru
犬死に	suru
独り占め	suru
独り立ち	suru
独断	suru
独立	suru
猶予	suru
王にする	suru
現在	suru
現金	adj-na
理解	suru
琴線に触れる	v1
生存	suru
生活	suru
生還	suru
用心	suru
用意	suru
由来	suru
申し訳ない	neg
申請	suru
留学	suru
留守	suru
留守番	suru
疲労	suru
疲労困ぱい	suru
病死	suru
痛い目に遭う	v5
痛みを伴う	v5
痩せ我慢	suru
発動	suru
発売	suru
発奮	suru
発射	suru
発展	suru
発想	suru
発揮	suru
発散	suru
発明	suru
発生	suru
発祥	suru
発表	suru
発見	suru
発言	suru
登場	suru
登校	suru
盟約	suru
監督	suru
監禁	suru
監視	suru
目が覚める	v1
目に物見せる	v1
目の当たりにする	suru
目をつむる	v5
目を背ける	v1
目を見る	v1
目を覚ます	v5
目を離す	v5
目端が利く	v5
相談	suru
相談に乗る	v5
看病	suru
真に受ける	v1
真似	suru
着想	suru
着替え	suru
矛盾	suru
研究	suru
破壊	suru
破棄	suru
破綻	suru
確保	suru
確信	suru
確定	suru
確約	suru
確認	suru
礼を言う	v5
礼儀知らず	adj-na
祝福	suru
禁止	suru
科学	suru
秘密	adj-na
称賛	suru
移動	suru
稽古	suru
空気を読む	v5
空気読めない	neg
突破	suru
立ちくらみ	suru
競争	suru
競技	suru
策謀	suru
管理	suru
約定	suru
約束	suru
納得	suru
純情	adj-na
紹介	suru
終了	suru
終止符を打つ	v5
終焉	suru
組織	suru
経営	suru
経過	suru
経験	suru
結婚	suru
結果	suru
結論	suru
統一	suru
絶望	suru
絶滅	suru
絶頂	suru
継続	suru
維持	suru
緊張	suru
編集	suru
練習	suru
罵倒	suru
考えにくい	adj-i
考慮	suru
聞き捨てならない	neg
肩たたき	suru
肩入れ	suru
肯定	suru
背中を押す	v5
胸騒ぎ	suru
脅威	suru
脱出	suru
脱獄	suru
脱落	suru
脳が震える	v1
腑に落ちない	neg
腹を割る	v5
膝を折る	v5
自傷	suru
自失	suru
自己満足	suru
自己紹介	suru
自慢	suru
自殺	suru
自決	suru
自然	adj-na
自爆	suru
自称	suru
自覚	suru
興が乗る	v5
興奮	suru
苦労	suru
苦悶	suru
蒸発	suru
虚構	suru
融通	suru
行動	suru
行方をくらます	v5
衝突	suru
表明	suru
表現	suru
衰弱	suru
衰弱死	suru
裁判	suru
裁縫	suru
装置	suru
裏目に出る	v1
補助	suru
補填	suru
製造	suru
襲撃	suru
要望	suru
要求	suru
見切り発車	suru
見学	suru
見当たらない	neg
見栄え	suru
見物	suru
規格外	adj-na
覚悟	suru
観光	suru
観察	suru
観念	suru
観測	suru
解呪	suru
解放	suru
解散	suru
解決	suru
解説	suru
解釈	suru
解除	suru
言い訳	suru
言葉にする	suru
言葉もない	neg
言葉を交わす	v5
訂正	suru
計画	suru
計算	suru
討伐	suru
訓練	suru
記念	suru
記憶	suru
記述	suru
記録	suru
訪問	suru
設備	suru
設問	suru
設計	suru
許可	suru
許容	suru
訳が分からない	neg
証し	suru
証明	suru
評価	suru
評判	suru
試合	suru
試行錯誤	suru
試験	suru
話し合い	suru
認識	suru
誓約	suru
誕生	suru
誘拐	suru
誤解	suru
説得	suru
説明	suru
読書	suru
調子に乗る	v5
調整	suru
調査	suru
謙遜	suru
謝罪	suru
警備	suru
警告	suru
警戒	suru
議論	suru
負傷	suru
負担	suru
貢献	suru
販売	suru
責が問われる	v1
貯金	suru
買い物	suru
貸し借り	suru
賛成	suru
質問	suru
贖罪	suru
足を引っ張る	v5
足止め	suru
跋扈	suru
跡を継ぐ	v5
身にまとう	v5
身を切る	v5
身を張る	v5
身を落とす	v5
軟禁	suru
転写	suru
転移	suru
軽蔑	suru
輸入	suru
迂回	suru
迎撃	suru
返事	suru
迷惑	suru
迷走	suru
追加	suru
追放	suru
追試	suru
退室	suru
退避	suru
退院	suru
逗留	suru
通りがいい	adj-ix
通信	suru
通用	suru
通訳	suru
通過	suru
連合	suru
連絡	suru
連続	suru
連行	suru
逮捕	suru
進学	suru
進歩	suru
遂行	suru
遅刻	suru
運動	suru
運営	suru
運転	suru
過大評価	suru
違反	suru
遠慮	suru
遠足	suru
遮断	suru
選出	suru
選択	suru
遺失	suru
遺言	suru
避難	suru
邪魔	suru
都合	suru
配慮	suru
配達	suru
酷使	suru
重きを置く	v5
重視	suru
錯覚	suru
鍛錬	suru
鑑定	suru
鑑賞	suru
長居	suru
長話	suru
開けっぱなし	adj-na
開始	suru
開放	suru
開花	suru
間男	suru
間近	adj-na
関与	suru
関係	suru
関連	suru
防御	suru
阻止	suru
降伏	suru
陽動	suru
陽気	adj-na
隔離	suru
障害	suru
隠し事	suru
集中	suru
集合	suru
雌雄を決する	suru
離婚	suru
離脱	suru
電話	suru
露見	suru
静聴	suru
面会	suru
面接	suru
頭が高い	adj-i
頭を上げる	v1
頼りになる	v5
顔を上げる	v1
顔向け	suru
飛行	suru
食事	suru
飼い犬に手をかまれる	v1
馬鹿	adj-na
駆除	suru
骨折	suru
高度	adj-na
鼓動	suru
齟齬	suru
